Date,Open,High,Low,Close,Adj Close,Volume
2020-08-11,2.85,3.5208,2.8433,3.2985,4939148,4939148
2020-08-12,3.2985,3.9289,3.08,3.7558,6176153,6176153
2020-08-13,3.75,4.1387,3.5003,3.73,6446567,6446567
2020-08-14,3.7207,3.7676,3.321,3.4099,5205834,5205834
2020-08-15,3.4181,3.74,3.15,3.173,3658005,3658005
2020-08-16,3.173,3.4907,3.12,3.3885,2227715,2227715
2020-08-17,3.3885,3.3952,3.1,3.11,2355329,2355329
2020-08-18,3.11,3.7092,2.8105,3.3407,8885306,8885306
2020-08-19,3.334,3.49,2.8,2.8868,4380403,4380403
2020-08-20,2.8962,3.445,2.8871,3.2038,4078240,4078240
2020-08-21,3.2038,3.24,2.89,2.9317,3480342,3480342
2020-08-22,2.9213,3.2,2.7431,3.0126,3433997,3433997
2020-08-23,3.0224,3.4,3.0014,3.25,3846250,3846250
2020-08-24,3.2658,3.62,3.21,3.3405,4504839,4504839
2020-08-25,3.3406,3.3654,3.0001,3.25,3629890,3629890
2020-08-26,3.2576,3.7999,3.1809,3.5684,8065581,8065581
2020-08-27,3.5557,3.8575,3.2434,3.4501,8578461,8578461
2020-08-28,3.4503,4.3091,3.4503,4.0063,10089370,10089370
2020-08-29,4.007,4.1121,3.7748,3.9535,5290923,5290923
2020-08-30,3.9531,4.7117,3.9,4.4309,7967065,7967065
2020-08-31,4.4127,4.8865,4.1,4.7435,6664671,6664671
2020-09-01,4.7432,4.9475,4.3,4.3397,5871722,5871722
2020-09-02,4.3213,4.3506,3.66,4.17,8136932,8136932
2020-09-03,4.17,4.459,3.4772,3.5051,12941589,12941589
2020-09-04,3.5062,3.8346,3.1739,3.5301,7262296,7262296
2020-09-05,3.5301,3.6637,2.0926,2.6052,11872722,11872722
2020-09-06,2.6119,3.18,2.2575,3.0941,7940868,7940868
2020-09-07,3.0785,3.1983,2.38,2.9237,7269853,7269853
2020-09-08,2.9237,2.9499,2.4,2.468,4163484,4163484
2020-09-09,2.468,3.8838,2.3821,3.6001,22147440,22147440
2020-09-10,3.6107,3.875,3.304,3.4761,15482088,15482088
2020-09-11,3.4707,3.5036,3.0316,3.3965,7208721,7208721
2020-09-12,3.3967,3.47,3.1494,3.3316,3845112,3845112
2020-09-13,3.3386,3.47,2.9838,3.2603,6528375,6528375
2020-09-14,3.2656,3.5393,3.0752,3.2641,11170955,11170955
2020-09-15,3.264,3.3249,2.8955,2.9295,5332430,5332430
2020-09-16,2.9288,2.9293,2.4282,2.5327,12739762,12739762
2020-09-17,2.5376,2.9389,2.36,2.8829,12078123,12078123
2020-09-18,2.883,3.16,2.726,3.1144,12294993,12294993
2020-09-19,3.1084,3.2545,2.9564,3.031,4884899,4884899
2020-09-20,3.0216,3.0319,2.7,2.8628,4183733,4183733
2020-09-21,2.8628,3.0397,2.4689,2.7672,9634412,9634412
2020-09-22,2.7571,3.0107,2.65,2.9082,9798314,9798314
2020-09-23,2.9184,3.09,2.7001,2.8548,7980465,7980465
2020-09-24,2.855,3.2571,2.7804,3.1433,9088676,9088676
2020-09-25,3.1409,3.2766,2.9003,3.1937,7516842,7516842
2020-09-26,3.185,3.25,3.03,3.1287,4232119,4232119
2020-09-27,3.1292,3.1857,2.9819,3.1578,3052809,3052809
2020-09-28,3.1557,3.2109,2.908,2.9599,3987560,3987560
2020-09-29,2.9549,3.027,2.8735,2.9505,2801168,2801168
2020-09-30,2.9447,2.9838,2.8228,2.8967,2099223,2099223
2020-10-01,2.8967,2.9889,2.65,2.8669,3893342,3893342
2020-10-02,2.8667,2.8873,2.42,2.6232,7275003,7275003
2020-10-03,2.6231,2.6708,2.5356,2.5439,1435302,1435302
2020-10-04,2.542,2.5898,2.42,2.5202,1911132,1911132
2020-10-05,2.5181,2.683,2.4561,2.6522,2349406,2349406
2020-10-06,2.6486,2.6604,2.13,2.174,4217794,4217794
2020-10-07,2.1721,2.4083,2.081,2.3005,4681013,4681013
2020-10-08,2.3001,2.4569,2.0123,2.3638,6159554,6159554
2020-10-09,2.3686,2.63,2.303,2.5314,4668501,4668501
2020-10-10,2.5274,2.6056,2.3873,2.3999,3208987,3208987
2020-10-11,2.3988,2.4607,2.3401,2.4227,2160332,2160332
2020-10-12,2.4228,2.7044,2.4132,2.5836,5542124,5542124
2020-10-13,2.5826,2.5867,2.336,2.4062,4782866,4782866
2020-10-14,2.4061,2.4424,2.2331,2.3107,2631151,2631151
2020-10-15,2.3108,2.3485,2.1932,2.2682,1711559,1711559
2020-10-16,2.2648,2.269,2.1071,2.1398,3372968,3372968
2020-10-17,2.1374,2.2462,2.1107,2.2053,1058101,1058101
2020-10-18,2.2031,2.2595,2.1763,2.215,1061887,1061887
2020-10-19,2.2137,2.2148,2.05,2.0592,1903930,1903930
2020-10-20,2.0552,2.108,1.8401,1.885,3745710,3745710
2020-10-21,1.8873,2.11,1.8415,1.8887,6268421,6268421
2020-10-22,1.8868,2.09,1.8481,1.9582,3222019,3222019
2020-10-23,1.9566,1.9902,1.85,1.959,3003774,3003774
2020-10-24,1.9652,1.973,1.88,1.9142,1442961,1442961
2020-10-25,1.9175,1.9244,1.76,1.7926,2529847,2529847
2020-10-26,1.7925,1.8685,1.6121,1.6799,3511995,3511995
2020-10-27,1.6771,1.75,1.5906,1.711,4356215,4356215
2020-10-28,1.7084,1.7255,1.4508,1.518,5216558,5216558
2020-10-29,1.5166,1.5754,1.4148,1.4327,1842933,1842933
2020-10-30,1.4328,1.4726,1.3163,1.4381,1968214,1968214
2020-10-31,1.4383,1.558,1.4266,1.5497,1279143,1279143
2020-11-01,1.5497,1.6463,1.5137,1.608,1513803,1513803
2020-11-02,1.6076,1.6432,1.4621,1.4738,1329879,1329879
2020-11-03,1.4729,1.484,1.4062,1.4118,1417472,1417472
2020-11-04,1.4123,1.4144,1.2733,1.3912,3469939,3469939
2020-11-05,1.3895,1.4928,1.3,1.4007,2248173,2248173
2020-11-06,1.403,1.9482,1.3946,1.9,6594074,6594074
2020-11-07,1.9069,2.4975,1.8276,2.0215,18925496,18925496
2020-11-08,2.0264,2.2825,1.9608,2.1558,10113462,10113462
2020-11-09,2.1515,2.1991,1.9456,2.0299,6301466,6301466
2020-11-10,2.0383,2.3257,2.008,2.2661,4643502,4643502
2020-11-11,2.2665,2.3,1.9673,2.0,3969960,3969960
2020-11-12,2.0,2.06,1.825,1.9089,2966665,2966665
2020-11-13,1.9089,2.0808,1.8997,2.0141,3182612,3182612
2020-11-14,2.0222,2.0374,1.869,1.9182,2317159,2317159
2020-11-15,1.9204,2.218,1.9133,2.0407,7009325,7009325
2020-11-16,2.039,2.37,1.9858,2.2626,7162125,7162125
2020-11-17,2.2665,2.33,2.125,2.1998,5142151,5142151
2020-11-18,2.1962,2.2173,2.0001,2.1153,4318166,4318166
2020-11-19,2.1122,2.1848,2.0136,2.085,2921103,2921103
2020-11-20,2.0841,2.2387,2.0521,2.1033,3421570,3421570
2020-11-21,2.0999,2.51,2.0351,2.3822,6792951,6792951
2020-11-22,2.3825,2.4201,2.04,2.1514,5384096,5384096
2020-11-23,2.161,2.3635,2.112,2.2786,4728024,4728024
2020-11-24,2.2786,2.4731,2.1338,2.2823,8099789,8099789
2020-11-25,2.2795,2.49,2.1703,2.2661,8395020,8395020
2020-11-26,2.2653,2.3101,1.7212,1.9111,13120752,13120752
2020-11-27,1.9117,2.04,1.7694,1.861,3400282,3400282
2020-11-28,1.8644,1.94,1.8016,1.8868,2587763,2587763
2020-11-29,1.8858,1.947,1.85,1.9153,1640192,1640192
2020-11-30,1.9184,2.0182,1.9034,1.9665,2153816,2153816
2020-12-01,1.9641,2.1404,1.9168,1.9738,4264962,4264962
2020-12-02,1.9702,2.2098,1.9333,2.1209,4622524,4622524
2020-12-03,2.119,2.2279,2.074,2.0967,6879026,6879026
2020-12-04,2.0967,2.1123,1.836,1.8535,2831580,2831580
2020-12-05,1.8507,1.983,1.82,1.9795,2064360,2064360
2020-12-06,1.9795,1.9907,1.7956,1.8505,2103758,2103758
2020-12-07,1.8515,1.899,1.8088,1.8272,1782235,1782235
2020-12-08,1.8301,1.8301,1.6211,1.6631,3952989,3952989
2020-12-09,1.66,1.6777,1.5,1.6592,3356724,3356724
2020-12-10,1.6599,1.6664,1.5395,1.5683,1690563,1690563
2020-12-11,1.5739,1.5774,1.4328,1.4389,2118546,2118546
2020-12-12,1.4368,1.5382,1.4366,1.4912,2138974,2138974
2020-12-13,1.4909,1.7,1.4578,1.5701,2750609,2750609
2020-12-14,1.5651,1.6253,1.5224,1.5946,2364778,2364778
2020-12-15,1.594,1.8039,1.5875,1.7586,6137279,6137279
2020-12-16,1.7577,1.7919,1.6025,1.7829,5244157,5244157
2020-12-17,1.78,1.8064,1.6382,1.68,4361515,4361515
2020-12-18,1.6769,1.7077,1.6307,1.7014,1881531,1881531
2020-12-19,1.6987,1.7677,1.6595,1.6707,2284718,2284718
2020-12-20,1.6706,1.6889,1.521,1.5635,2205354,2205354
2020-12-21,1.5605,1.62,1.49,1.5331,1962929,1962929
2020-12-22,1.5354,1.5799,1.47,1.49,3101990,3101990
2020-12-23,1.49,1.5126,1.0301,1.198,5671452,5671452
2020-12-24,1.1987,1.3888,1.1652,1.3612,2284843,2284843
2020-12-25,1.3641,1.4599,1.3417,1.4464,1960791,1960791
2020-12-26,1.4488,1.4497,1.3118,1.3258,1249352,1249352
2020-12-27,1.324,1.417,1.2616,1.3037,2890460,2890460
2020-12-28,1.3041,1.5223,1.2867,1.5172,3054831,3054831
2020-12-29,1.5187,1.735,1.4388,1.6704,7729613,7729613
2020-12-30,1.6734,1.6903,1.5235,1.535,3448579,3448579
2020-12-31,1.5337,1.5523,1.42,1.5073,3244558,3244558
2021-01-01,1.5088,1.86,1.499,1.8421,7454786,7454786
2021-01-02,1.8421,2.0,1.7116,1.7999,9557980,9557980
2021-01-03,1.7998,2.38,1.7973,2.1779,17482673,17482673
2021-01-04,2.1789,2.4989,1.86,2.4909,17263517,17263517
2021-01-05,2.4911,2.5093,2.0621,2.1636,15133557,15133557
2021-01-06,2.1636,2.189,1.9017,1.9414,17221696,17221696
2021-01-07,1.9404,2.65,1.9214,2.3635,70874327,70874327
2021-01-08,2.3655,3.8,2.175,3.2214,88937219,88937219
2021-01-09,3.212,3.6998,2.93,3.3829,32398842,32398842
2021-01-10,3.3734,3.7517,3.1556,3.449,19820052,19820052
2021-01-11,3.4455,3.5282,2.5795,3.1016,26060971,26060971
2021-01-12,3.1016,3.88,3.058,3.6354,24684774,24684774
2021-01-13,3.6354,3.637,3.2633,3.5242,17689395,17689395
2021-01-14,3.5243,3.5955,3.1814,3.2921,21634400,21634400
2021-01-15,3.2921,3.4489,2.9618,3.2475,15747506,15747506
2021-01-16,3.2479,3.7081,3.2463,3.4247,29411668,29411668
2021-01-17,3.4251,3.9876,3.3,3.8268,31265663,31265663
2021-01-18,3.8243,4.17,3.6167,3.7868,24245044,24245044
2021-01-19,3.7873,4.0498,3.6,3.6287,18206626,18206626
2021-01-20,3.6288,3.7413,3.34,3.7166,17069848,17069848
2021-01-21,3.7199,3.7411,2.9717,2.9899,14701372,14701372
2021-01-22,2.9893,3.4992,2.5295,3.3352,20052814,20052814
2021-01-23,3.3302,3.6,3.3056,3.5079,7924853,7924853
2021-01-24,3.5018,3.79,3.4781,3.6278,8934610,8934610
2021-01-25,3.6287,3.9928,3.4398,3.7038,24997969,24997969
2021-01-26,3.7036,4.097,3.6478,4.041,25778078,25778078
2021-01-27,4.0418,4.0422,3.5114,3.675,9309018,9309018
2021-01-28,3.664,3.96,3.6,3.81,7853439,7853439
2021-01-29,3.8092,3.912,3.6,3.8293,11255370,11255370
2021-01-30,3.8301,4.3179,3.7667,4.228,15975662,15975662
2021-01-31,4.228,4.805,4.154,4.2525,24123927,24123927
2021-02-01,4.2568,4.617,4.1075,4.6148,9013963,9013963
2021-02-02,4.6148,5.4026,4.4632,5.2331,26689709,26689709
2021-02-03,5.243,5.783,5.0513,5.7311,21574159,21574159
2021-02-04,5.7339,6.5426,5.5676,6.4085,33394633,33394633
2021-02-05,6.4181,7.1438,6.4086,6.7005,28683157,28683157
2021-02-06,6.7001,6.8181,5.7,6.1225,30867026,30867026
2021-02-07,6.1219,6.8807,5.75,6.6976,32805036,32805036
2021-02-08,6.6931,8.078,6.4554,7.855,49942119,49942119
2021-02-09,7.8651,8.4945,7.55,7.8005,38293809,38293809
2021-02-10,7.8005,9.09,7.26,9.09,36539932,36539932
2021-02-11,9.0897,9.7425,8.72,9.2004,52587971,52587971
2021-02-12,9.2058,9.93,9.0353,9.2,27168226,27168226
2021-02-13,9.2007,9.5117,8.658,8.7441,31507609,31507609
2021-02-14,8.7448,9.23,8.5293,8.7158,25413161,25413161
2021-02-15,8.7234,9.38,7.7,8.8516,29417065,29417065
2021-02-16,8.866,9.0,7.9601,8.3002,19153014,19153014
2021-02-17,8.3035,8.45,7.5182,8.2357,26819100,26819100
2021-02-18,8.2412,9.32,8.23,8.9771,21998195,21998195
2021-02-19,8.988,11.85,8.5257,11.4912,72459294,72459294
2021-02-20,11.4845,11.8327,9.754,9.9869,50507984,50507984
2021-02-21,9.9849,11.6707,9.8101,11.0753,39855306,39855306
2021-02-22,11.0738,14.8,9.1,14.4191,169938699,169938699
2021-02-23,14.4176,15.8888,11.47,15.2244,343036326,343036326
2021-02-24,15.2389,18.2052,14.7917,17.1691,177956628,177956628
2021-02-25,17.1745,17.69,13.6579,13.8442,151275933,151275933
2021-02-26,13.8565,15.5083,13.1,13.5962,113366684,113366684
2021-02-27,13.5864,14.8359,13.01,13.1916,86421910,86421910
2021-02-28,13.1853,13.7739,11.417,13.0887,90254864,90254864
2021-03-01,13.08,15.5469,13.0102,14.9855,80299278,80299278
2021-03-02,14.9989,15.25,13.3544,13.9438,58918570,58918570
2021-03-03,13.9546,14.738,13.7018,14.0742,46641795,46641795
2021-03-04,14.0936,14.2737,12.736,13.0508,37143577,37143577
2021-03-05,13.0649,13.0992,12.1251,12.5382,25992581,25992581
2021-03-06,12.5507,13.31,11.9,13.0421,38310955,38310955
2021-03-07,13.0443,14.014,12.7049,13.8174,40433938,40433938
2021-03-08,13.8174,13.906,12.996,13.6028,28420084,28420084
2021-03-09,13.608,14.9921,13.1985,14.839,36980232,36980232
2021-03-10,14.85,15.2118,14.0525,14.2048,28288700,28288700
2021-03-11,14.2011,16.3222,13.67,16.031,61653754,61653754
2021-03-12,16.0519,16.5,14.0803,14.5597,56522592,56522592
2021-03-13,14.5532,15.4072,13.8439,15.3033,38570674,38570674
2021-03-14,15.2902,15.376,14.3399,14.4605,25743993,25743993
2021-03-15,14.461,14.8214,13.6179,14.1577,28644014,28644014
2021-03-16,14.1586,14.2933,13.1389,13.6392,34213686,34213686
2021-03-17,13.6379,14.2685,13.0326,14.2018,23249828,23249828
2021-03-18,14.1987,14.75,13.957,14.204,22525364,22525364
2021-03-19,14.2153,14.4883,13.8554,14.1552,20715848,20715848
2021-03-20,14.1588,14.9793,14.09,14.1894,20257722,20257722
2021-03-21,14.1788,14.3636,13.638,14.3372,16710937,16710937
2021-03-22,14.3372,16.59,14.1697,14.7964,80202279,80202279
2021-03-23,14.7962,15.227,14.0146,14.1552,29200863,29200863
2021-03-24,14.1433,15.3719,13.5842,13.5973,33720016,33720016
2021-03-25,13.5844,13.7329,12.47,12.9787,30105541,30105541
2021-03-26,12.9789,14.7921,12.3043,14.7664,40946344,40946344
2021-03-27,14.7751,16.8,14.7173,16.4589,63898875,63898875
2021-03-28,16.4516,19.38,16.3049,18.0645,131121238,131121238
2021-03-29,18.0645,19.0,17.6439,18.9504,56347906,56347906
2021-03-30,18.9504,20.87,18.9105,19.0685,75587274,75587274
2021-03-31,19.0645,19.8154,18.0,19.3861,53121280,53121280
2021-04-01,19.3818,20.3583,18.7433,19.0443,43548214,43548214
2021-04-02,19.0443,19.8003,18.345,19.7501,33917396,33917396
2021-04-03,19.7513,23.8476,19.7228,22.5,137391230,137391230
2021-04-04,22.4672,25.5309,21.9867,23.7755,126161802,126161802
2021-04-05,23.7755,24.78,22.7664,22.9717,66850404,66850404
2021-04-06,22.9876,25.3,21.7554,25.0548,78333293,78333293
2021-04-07,25.0548,27.5203,22.9078,26.5385,201814363,201814363
2021-04-08,26.537,27.9951,25.6431,26.9384,112559503,112559503
2021-04-09,26.9261,29.0,26.7097,27.6172,85351831,85351831
2021-04-10,27.6194,28.2948,25.9017,26.8021,73911290,73911290
2021-04-11,26.7993,28.649,25.5131,27.8517,67836753,67836753
2021-04-12,27.8598,29.9295,26.8049,28.5424,80542411,80542411
2021-04-13,28.5266,28.8162,26.2616,27.4507,62367159,62367159
2021-04-14,27.4571,27.5613,24.7,26.4067,94840132,94840132
2021-04-15,26.4182,28.2,25.4479,27.7816,57745447,57745447
2021-04-16,27.7946,28.2571,24.8547,25.2996,70603854,70603854
2021-04-17,25.2926,26.7914,24.8181,24.85,63171961,63171961
2021-04-18,24.8517,32.99,21.1,32.3358,322873223,322873223
2021-04-19,32.3324,36.095,29.8066,31.4711,395020951,395020951
2021-04-20,31.5303,32.8,28.81,31.7028,216033040,216033040
2021-04-21,31.6939,35.1801,30.1101,32.5534,215427917,215427917
2021-04-22,32.5965,41.1587,31.4586,38.9,522706696,522706696
2021-04-23,38.8718,41.74,31.4936,37.3893,523364025,523364025
2021-04-24,37.3018,43.6397,34.5861,40.8401,378538393,378538393
2021-04-25,40.8525,48.644,40.572,47.405,530145484,530145484
2021-04-26,47.395,48.499,43.267,43.878,510656400,510656400
2021-04-27,43.884,46.606,42.5,43.147,315533192,315533192
2021-04-28,43.147,46.962,40.516,44.833,347808465,347808465
2021-04-29,44.831,46.233,40.906,42.484,251627153,251627153
2021-04-30,42.452,44.313,41.21,42.786,141789174,141789174
2021-05-01,42.786,49.88,42.001,49.67,267045680,267045680
2021-05-02,49.646,49.99,45.904,46.897,179774455,179774455
2021-05-03,46.926,49.0,44.774,45.912,174276397,174276397
2021-05-04,45.935,47.81,42.26,42.636,188277042,188277042
2021-05-05,42.636,46.0,42.305,44.98,123635464,123635464
2021-05-06,44.965,44.98,42.55,43.496,102163369,102163369
2021-05-07,43.496,46.243,41.42,43.182,141988293,141988293
2021-05-08,43.154,46.65,42.275,45.612,112805791,112805791
2021-05-09,45.632,47.15,42.6,44.33,138870748,138870748
2021-05-10,44.33,45.89,39.0,42.854,124756005,124756005
2021-05-11,42.868,45.18,39.7,44.538,115628588,115628588
2021-05-12,44.579,49.243,42.18,43.709,348904390,348904390
2021-05-13,43.394,45.501,37.43,41.049,299309995,299309995
2021-05-14,41.051,44.897,39.901,42.7,144598209,144598209
2021-05-15,42.697,45.5,39.305,43.486,140531821,140531821
2021-05-16,43.462,52.6,41.602,46.85,619838806,619838806
2021-05-17,46.85,51.985,43.01,46.708,670057766,670057766
2021-05-18,46.747,58.38,46.051,55.977,665410806,665410806
2021-05-19,55.969,57.691,26.5,34.988,985527942,985527942
2021-05-20,34.987,53.0,32.0,44.42,772138094,772138094
2021-05-21,44.367,47.7,33.673,38.925,555354956,555354956
2021-05-22,38.925,40.0,31.134,31.222,359703861,359703861
2021-05-23,31.222,32.4,19.117,24.536,632115869,632115869
2021-05-24,24.53,32.19,24.496,31.416,443929987,443929987
2021-05-25,31.42,33.195,25.915,29.973,298415170,298415170
2021-05-26,29.985,37.25,28.858,35.43,358243359,358243359
2021-05-27,35.427,35.594,30.976,33.747,191965509,191965509
2021-05-28,33.761,34.551,28.0,28.989,194317729,194317729
2021-05-29,28.993,30.066,25.7,27.388,109362582,109362582
2021-05-30,27.407,29.781,25.586,28.588,111975244,111975244
2021-05-31,28.573,33.014,27.489,32.75,160794249,160794249
2021-06-01,32.759,33.285,29.852,30.938,127601407,127601407
2021-06-02,30.931,35.129,30.402,33.994,150880106,150880106
2021-06-03,33.994,41.523,33.736,39.602,299415873,299415873
2021-06-04,39.599,39.737,34.187,37.338,328450531,328450531
2021-06-05,37.356,42.787,36.982,39.633,349869352,349869352
2021-06-06,39.663,43.4,38.912,42.205,254022477,254022477
2021-06-07,42.2,44.2,37.8,38.235,337872362,337872362
2021-06-08,38.2,42.596,33.6,41.245,635390288,635390288
2021-06-09,41.245,44.0,39.291,42.032,454086698,454086698
2021-06-10,42.032,43.097,39.459,41.105,213330357,213330357
2021-06-11,41.091,41.376,35.074,36.157,182293620,182293620
2021-06-12,36.131,37.64,34.1,36.476,187288052,187288052
2021-06-13,36.492,39.442,34.72,38.706,150202838,150202838
2021-06-14,38.713,40.561,36.627,39.694,177057758,177057758
2021-06-15,39.7,41.741,39.154,39.536,150827423,150827423
2021-06-16,39.513,41.75,37.455,39.728,199446618,199446618
2021-06-17,39.73,41.264,38.211,39.265,130590317,130590317
2021-06-18,39.259,39.502,34.898,36.82,139854390,139854390
2021-06-19,36.802,37.318,34.901,35.19,79787571,79787571
2021-06-20,35.195,35.949,31.3,35.257,133260490,133260490
2021-06-21,35.248,35.499,25.925,26.59,246501068,246501068
2021-06-22,26.597,28.813,20.187,26.958,393752740,393752740
2021-06-23,26.957,32.9,25.626,30.837,360070228,360070228
2021-06-24,30.835,33.0,28.481,31.141,221085666,221085666
2021-06-25,31.144,32.989,27.949,28.641,219888857,219888857
2021-06-26,28.619,30.181,26.659,29.698,183566327,183566327
2021-06-27,29.691,31.95,29.186,31.897,178035416,178035416
2021-06-28,31.883,34.34,30.961,33.001,162522646,162522646
2021-06-29,33.018,35.837,32.665,33.97,154213056,154213056
2021-06-30,33.974,36.0,31.555,35.51,178975642,178975642
2021-07-01,35.51,35.567,32.17,33.271,151028766,151028766
2021-07-02,33.27,34.217,31.367,34.0,140908038,140908038
2021-07-03,34.001,35.406,33.217,34.498,105690439,105690439
2021-07-04,34.497,35.531,33.533,34.28,103428667,103428667
2021-07-05,34.278,34.49,32.37,32.908,100655425,100655425
2021-07-06,32.908,35.041,32.883,34.226,111418811,111418811
2021-07-07,34.221,38.1,33.82,36.673,167269030,167269030
2021-07-08,36.667,36.934,32.654,33.142,156944971,156944971
2021-07-09,33.134,34.46,31.976,33.315,93430690,93430690
2021-07-10,33.315,34.215,31.025,31.693,92460631,92460631
2021-07-11,31.716,32.568,31.3,32.182,62238927,62238927
2021-07-12,32.173,32.696,30.011,30.77,70408687,70408687
2021-07-13,30.77,31.096,28.81,29.136,54860385,54860385
2021-07-14,29.154,31.5,27.363,31.365,101600599,101600599
2021-07-15,31.365,31.485,27.975,28.545,107745442,107745442
2021-07-16,28.562,29.478,26.196,26.271,81405823,81405823
2021-07-17,26.269,27.836,25.979,26.802,56460667,56460667
2021-07-18,26.789,27.756,26.233,26.673,46674422,46674422
2021-07-19,26.679,26.71,23.975,24.509,78158738,78158738
2021-07-20,24.524,24.982,22.1,23.474,82758691,82758691
2021-07-21,23.484,27.461,22.8,26.7,116862935,116862935
2021-07-22,26.706,28.17,25.91,27.699,71691184,71691184
2021-07-23,27.7,28.713,26.385,28.516,83834585,83834585
2021-07-24,28.53,29.548,28.013,28.616,77044282,77044282
2021-07-25,28.626,28.898,26.5,28.248,65090395,65090395
2021-07-26,28.247,31.115,27.83,28.184,185071260,185071260
2021-07-27,28.183,28.95,26.893,28.103,83973834,83973834
2021-07-28,28.119,28.76,27.354,27.875,65388598,65388598
2021-07-29,27.891,31.888,27.319,31.235,110419263,110419263
2021-07-30,31.238,33.084,29.91,32.354,156365971,156365971
2021-07-31,32.354,37.004,31.653,36.744,146906971,146906971
2021-08-01,36.742,36.822,33.165,34.165,123483357,123483357
2021-08-02,34.178,35.95,33.0,33.167,106104314,106104314
2021-08-03,33.177,35.9,32.327,34.105,119580010,119580010
2021-08-04,34.094,36.658,33.236,35.76,99340895,99340895
2021-08-05,35.757,38.267,35.5,37.353,150224471,150224471
2021-08-06,37.354,40.4,35.611,39.525,151446524,151446524
2021-08-07,39.502,40.5,37.502,39.469,139249910,139249910
2021-08-08,39.454,39.549,36.896,37.65,77745568,77745568
2021-08-09,37.653,39.999,36.351,38.646,82127593,82127593
2021-08-10,38.646,41.678,38.183,40.64,104631605,104631605
2021-08-11,40.639,43.729,40.605,41.621,106505944,106505944
2021-08-12,41.619,43.401,39.316,41.102,98924676,98924676
2021-08-13,41.105,44.911,40.668,44.83,99544516,99544516
2021-08-14,44.859,44.874,42.727,44.14,67926559,67926559
2021-08-15,44.124,54.8,43.361,53.531,309850774,309850774
2021-08-16,53.515,69.132,52.269,62.016,947671575,947671575
2021-08-17,62.042,75.155,58.822,64.123,1024581216,1024581216
2021-08-18,64.135,80.5,59.722,72.663,1093260830,1093260830
2021-08-19,72.659,75.436,68.24,72.764,562302367,562302367
2021-08-20,72.8,80.0,70.873,78.643,424719084,424719084
2021-08-21,78.684,82.0,72.6,73.801,396408173,396408173
2021-08-22,73.852,77.6,71.244,72.775,213468963,213468963
2021-08-23,72.751,76.81,71.545,75.623,306079632,306079632
2021-08-24,75.647,79.45,68.5,70.527,508984577,508984577
2021-08-25,70.519,72.83,66.03,71.973,351840973,351840973
2021-08-26,71.982,78.3,66.2,74.92,480323043,480323043
2021-08-27,74.92,88.92,72.55,87.98,721830146,721830146
2021-08-28,87.98,97.82,85.59,96.22,531913395,531913395
2021-08-29,96.17,97.82,90.3,94.23,390634983,390634983
2021-08-30,94.23,116.84,93.58,110.25,1163838842,1163838842
2021-08-31,110.26,130.11,103.06,108.27,1927599440,1927599440
2021-09-01,108.27,119.72,105.89,110.71,908134889,908134889
2021-09-02,110.71,131.96,109.18,128.23,1113846856,1113846856
2021-09-03,128.2,148.99,128.12,146.4,1668352305,1668352305
2021-09-04,146.36,150.6,135.73,138.88,882463269,882463269
2021-09-05,138.88,144.99,134.74,142.0,646117252,646117252
2021-09-06,141.98,166.13,136.92,164.22,1281375300,1281375300
2021-09-07,164.19,195.48,128.01,173.46,4280553283,4280553283
2021-09-08,173.49,198.0,146.5,191.02,2877007646,2877007646
2021-09-09,191.02,216.0,180.7,187.9,3302106193,3302106193
2021-09-10,187.89,197.41,167.82,179.6,1634482755,1634482755
2021-09-11,179.6,193.51,175.14,179.04,1248193831,1248193831
2021-09-12,179.05,181.75,170.15,174.29,647992867,647992867
2021-09-13,174.31,175.0,150.3,169.53,1356943603,1356943603
2021-09-14,169.54,171.83,142.6,158.88,1261689247,1261689247
2021-09-15,158.72,166.5,153.69,158.79,976500292,976500292
2021-09-16,158.77,163.5,147.35,152.29,738871246,738871246
2021-09-17,152.3,153.55,134.0,147.58,1088492757,1088492757
2021-09-18,147.59,171.47,144.1,169.22,1302873557,1302873557
2021-09-19,169.22,170.96,150.6,152.76,794443935,794443935
2021-09-20,152.78,153.43,130.26,132.77,1432110844,1432110844
2021-09-21,132.77,144.64,116.0,124.29,1275393492,1275393492
2021-09-22,124.3,151.36,122.1,148.02,1022897106,1022897106
2021-09-23,148.02,152.5,142.92,149.91,767818469,767818469
2021-09-24,149.9,151.2,128.15,139.13,928759366,928759366
2021-09-25,139.11,144.18,133.54,136.06,446899248,446899248
2021-09-26,136.05,140.81,124.8,135.64,579686581,579686581
2021-09-27,135.7,148.92,133.72,136.35,740686665,740686665
2021-09-28,136.34,139.4,128.17,132.2,521861056,521861056
2021-09-29,132.22,140.17,131.12,135.25,502380517,502380517
2021-09-30,135.24,142.95,134.02,141.37,465705307,465705307
2021-10-01,141.38,164.95,138.25,161.56,1029107048,1029107048
2021-10-02,161.62,175.0,156.06,168.98,839389841,839389841
2021-10-03,169.0,177.79,165.58,172.98,730363770,730363770
2021-10-04,172.99,173.34,162.0,167.13,725561361,725561361
2021-10-05,167.13,170.18,159.68,164.62,559005861,559005861
2021-10-06,164.64,165.42,150.1,153.87,707202511,707202511
2021-10-07,153.9,161.42,150.34,154.26,507033126,507033126
2021-10-08,154.26,168.97,152.39,158.86,603926551,603926551
2021-10-09,158.88,161.54,154.18,156.84,290322350,290322350
2021-10-10,156.8,158.5,145.55,147.55,312056345,312056345
2021-10-11,147.56,154.0,140.24,144.77,326311439,326311439
2021-10-12,144.79,153.5,137.61,152.32,492107861,492107861
2021-10-13,152.35,155.56,144.28,148.04,407781874,407781874
2021-10-14,148.05,155.65,147.27,150.02,401621913,401621913
2021-10-15,150.01,165.75,146.68,163.18,857073350,857073350
2021-10-16,163.15,164.8,156.36,157.54,317763749,317763749
2021-10-17,157.54,167.65,153.13,160.12,496800526,496800526
2021-10-18,160.11,162.98,154.91,157.12,354661694,354661694
2021-10-19,157.12,159.45,153.06,155.78,285106689,285106689
2021-10-20,155.77,176.87,155.0,176.72,648992235,648992235
2021-10-21,176.72,194.21,176.7,190.5,1457539718,1457539718
2021-10-22,190.46,215.1,187.96,196.29,1702782574,1702782574
2021-10-23,196.29,205.78,191.86,197.75,651763689,651763689
2021-10-24,197.75,204.86,185.22,202.14,693230334,693230334
2021-10-25,202.15,218.93,198.0,209.7,1030729845,1030729845
2021-10-26,209.73,214.2,196.36,199.85,654485744,654485744
2021-10-27,199.87,205.49,176.94,184.49,956618126,956618126
2021-10-28,184.45,201.38,181.64,195.42,678298772,678298772
2021-10-29,195.37,205.22,194.45,200.41,497606675,497606675
2021-10-30,200.36,200.62,187.3,195.7,313557872,313557872
2021-10-31,195.69,205.0,185.31,202.49,463132484,463132484
2021-11-01,202.53,211.66,197.7,203.9,645166048,645166048
2021-11-02,203.91,222.22,200.97,220.82,605529841,605529841
2021-11-03,220.81,247.0,215.69,243.37,1212857714,1212857714
2021-11-04,243.37,250.5,234.0,247.07,859506826,859506826
2021-11-05,247.06,248.84,230.34,236.06,532866847,532866847
2021-11-06,236.04,259.9,234.79,258.44,753428880,753428880
2021-11-07,258.41,258.66,245.65,249.68,484918560,484918560
2021-11-08,249.62,253.3,240.68,248.26,566280886,566280886
2021-11-09,248.27,253.22,237.62,239.04,541627505,541627505
2021-11-10,239.06,248.0,217.5,233.09,731537386,731537386
2021-11-11,233.06,246.5,229.4,233.37,478333948,478333948
2021-11-12,233.34,239.09,220.83,228.48,484150570,484150570
2021-11-13,228.46,241.97,224.79,241.59,339685082,339685082
2021-11-14,241.58,242.0,230.4,238.64,253873402,253873402
2021-11-15,238.63,246.36,234.49,238.2,463075752,463075752
2021-11-16,238.18,238.21,213.81,219.04,576884837,576884837
2021-11-17,219.09,222.44,209.53,218.94,451229368,451229368
2021-11-18,218.9,222.78,186.5,195.01,624208055,624208055
2021-11-19,195.19,219.59,188.99,215.25,559175543,559175543
2021-11-20,215.25,221.17,205.84,217.63,334473495,334473495
2021-11-21,217.64,240.0,210.53,230.51,420452594,420452594
2021-11-22,230.56,231.99,211.6,215.59,541317085,541317085
2021-11-23,215.58,226.08,210.91,221.75,360287368,360287368
2021-11-24,221.76,222.47,200.14,205.7,396608869,396608869
2021-11-25,205.76,216.35,201.93,209.97,370397490,370397490
2021-11-26,209.94,210.53,182.7,192.42,540229501,540229501
2021-11-27,192.37,199.39,190.61,192.74,201451693,201451693
2021-11-28,192.74,202.1,180.93,200.69,297730465,297730465
2021-11-29,200.71,212.75,199.63,204.09,299901553,299901553
2021-11-30,204.1,218.28,199.55,208.53,457195214,457195214
2021-12-01,208.52,232.63,207.89,229.81,577828638,577828638
2021-12-02,229.81,243.12,220.0,233.6,700072045,700072045
2021-12-03,233.59,239.37,204.68,211.65,641504675,641504675
2021-12-04,211.65,212.62,169.0,200.67,954137663,954137663
2021-12-05,200.68,204.51,181.44,196.43,478706797,478706797
2021-12-06,196.49,197.71,176.17,193.56,527018793,527018793
2021-12-07,193.57,204.1,187.26,190.19,381921839,381921839
2021-12-08,190.24,196.27,183.5,194.61,317713289,317713289
2021-12-09,194.61,196.6,178.64,181.11,310244140,310244140
2021-12-10,181.08,184.6,167.0,167.39,328445622,328445622
2021-12-11,167.39,173.8,161.33,172.15,260637632,260637632
2021-12-12,172.15,176.85,167.64,172.8,167631329,167631329
2021-12-13,172.83,172.83,148.04,155.21,394239559,394239559
2021-12-14,155.2,163.35,149.6,161.26,336483180,336483180
2021-12-15,161.25,182.64,156.81,178.52,563215533,563215533
2021-12-16,178.53,189.0,174.37,176.86,452932181,452932181
2021-12-17,176.89,182.5,167.88,175.51,406619554,406619554
2021-12-18,175.48,184.24,170.96,182.78,217402537,217402537
2021-12-19,182.78,189.43,177.99,179.93,224029422,224029422
2021-12-20,179.9,181.18,168.49,173.9,252805360,252805360
2021-12-21,173.9,182.54,170.27,179.63,232062935,232062935
2021-12-22,179.62,187.55,177.05,178.4,252282579,252282579
2021-12-23,178.38,193.5,175.64,190.03,318109249,318109249
2021-12-24,190.08,197.55,184.14,190.36,316537547,316537547
2021-12-25,190.37,195.0,189.08,193.1,201292809,201292809
2021-12-26,193.03,200.59,190.22,197.81,301973673,301973673
2021-12-27,197.85,204.75,194.71,195.67,243809505,243809505
2021-12-28,195.68,195.68,176.2,177.32,371876481,371876481
2021-12-29,177.28,180.62,170.01,170.63,269857955,269857955
2021-12-30,170.65,175.74,168.17,172.52,176482572,176482572
2021-12-31,172.53,177.65,167.67,169.99,177345239,177345239
2022-01-01,170.01,179.2,169.93,179.06,110585214,110585214
2022-01-02,179.06,179.53,174.31,176.35,109509310,109509310
2022-01-03,176.34,176.49,166.59,170.15,177240351,177240351
2022-01-04,170.14,173.93,166.47,167.72,176538222,176538222
2022-01-05,167.74,171.32,144.92,154.52,266979906,266979906
2022-01-06,154.48,154.8,145.98,150.26,236312050,236312050
2022-01-07,150.28,150.72,133.08,136.45,380212392,380212392
2022-01-08,136.43,148.11,133.0,142.14,380841698,380841698
2022-01-09,142.1,145.71,137.83,140.82,203808588,203808588
2022-01-10,140.82,143.86,130.0,135.86,257484771,257484771
2022-01-11,135.84,143.5,133.58,140.2,184178762,184178762
2022-01-12,140.19,153.39,138.22,151.51,284704608,284704608
2022-01-13,151.5,157.8,145.41,146.14,300358586,300358586
2022-01-14,146.13,150.56,141.84,146.17,209190212,209190212
2022-01-15,146.18,149.49,143.9,147.64,126821898,126821898
2022-01-16,147.61,151.96,146.09,147.98,143408413,143408413
2022-01-17,147.98,148.29,137.02,139.8,184551841,184551841
2022-01-18,139.81,142.77,134.39,141.22,173470525,173470525
2022-01-19,141.32,142.7,132.77,135.25,160857229,160857229
2022-01-20,135.23,143.83,126.01,127.54,200702305,200702305
2022-01-21,127.54,128.73,106.11,112.27,544063534,544063534
2022-01-22,112.24,114.89,87.73,94.54,635108263,635108263
2022-01-23,94.57,104.82,93.25,99.78,351997642,351997642
2022-01-24,99.74,99.83,80.83,91.93,615205074,615205074
2022-01-25,91.94,99.95,87.41,94.67,324014683,324014683
2022-01-26,94.65,104.43,89.19,92.12,434996978,434996978
2022-01-27,92.11,94.6,85.71,89.51,317470432,317470432
2022-01-28,89.51,93.55,87.21,91.34,240233251,240233251
2022-01-29,91.35,98.93,90.5,96.13,194994553,194994553
2022-01-30,96.15,97.6,91.38,93.29,118979094,118979094
2022-01-31,93.26,101.4,89.18,99.49,229303857,229303857
2022-02-01,99.5,113.66,99.02,110.02,451677238,451677238
2022-02-02,109.99,112.35,96.99,101.88,514972931,514972931
2022-02-03,101.91,103.13,94.0,101.77,380416658,380416658
2022-02-04,101.83,112.81,100.28,112.62,446505812,446505812
2022-02-05,112.63,118.6,110.22,113.75,302738096,302738096
2022-02-06,113.74,116.06,111.09,115.28,177818919,177818919
2022-02-07,115.26,121.93,112.69,117.55,323264554,323264554
2022-02-08,117.57,120.36,109.66,113.45,321854907,321854907
2022-02-09,113.44,117.08,109.4,113.93,240051448,240051448
2022-02-10,113.96,115.38,105.68,106.17,308218719,308218719
2022-02-11,106.18,108.14,95.14,96.53,261118404,261118404
2022-02-12,96.53,99.79,92.8,95.96,173107556,173107556
2022-02-13,95.98,97.36,91.35,92.85,115326539,115326539
2022-02-14,92.85,97.99,90.72,96.37,169748618,169748618
2022-02-15,96.39,105.77,96.38,105.52,240632353,240632353
2022-02-16,105.52,105.6,98.27,101.86,215708905,215708905
2022-02-17,101.85,102.82,92.33,93.52,194565671,194565671
2022-02-18,93.55,96.37,89.31,89.86,186100175,186100175
2022-02-19,89.86,92.75,88.6,91.27,116505357,116505357
2022-02-20,91.27,94.5,85.56,90.72,229568085,229568085
2022-02-21,90.7,96.14,82.62,82.96,365437826,365437826
2022-02-22,82.95,87.56,81.06,86.38,238850054,238850054
2022-02-23,86.39,93.4,84.38,84.59,284825279,284825279
2022-02-24,84.58,93.9,75.35,89.36,625458651,625458651
2022-02-25,89.35,95.0,86.86,92.71,332795301,332795301
2022-02-26,92.73,95.49,89.23,90.23,209017446,209017446
2022-02-27,90.25,92.19,84.08,85.63,228781062,228781062
2022-02-28,85.61,103.0,84.17,99.68,392961670,392961670
2022-03-01,99.67,102.03,94.21,98.66,359368373,359368373
2022-03-02,98.65,106.43,96.76,100.68,441097205,441097205
2022-03-03,100.69,101.7,94.0,95.62,253940370,253940370
2022-03-04,95.63,95.94,87.0,88.32,260751773,260751773
2022-03-05,88.33,91.22,86.0,89.63,132577728,132577728
2022-03-06,89.61,89.96,84.09,84.57,158938647,158938647
2022-03-07,84.58,86.71,79.92,81.66,268367077,268367077
2022-03-08,81.65,85.04,81.3,82.32,216640314,216640314
2022-03-09,82.32,89.92,81.9,88.06,293276442,293276442
2022-03-10,88.06,88.57,80.63,82.87,235307930,235307930
2022-03-11,82.86,84.29,80.07,80.67,206921492,206921492
2022-03-12,80.67,82.75,80.57,81.38,111234273,111234273
2022-03-13,81.4,83.34,77.65,78.73,162105572,162105572
2022-03-14,78.72,82.29,78.0,81.22,167010301,167010301
2022-03-15,81.23,85.99,78.72,82.84,173536935,173536935
2022-03-16,82.84,87.98,81.53,87.77,222116241,222116241
2022-03-17,87.77,91.0,86.58,87.8,232117458,232117458
2022-03-18,87.8,92.28,84.41,89.8,257737465,257737465
2022-03-19,89.81,94.55,89.25,92.31,189155993,189155993
2022-03-20,92.31,92.55,87.82,88.62,135160820,135160820
2022-03-21,88.62,91.28,86.74,88.59,176751354,176751354
2022-03-22,88.58,93.98,88.0,90.43,239094582,239094582
2022-03-23,90.44,96.36,89.19,94.89,265825349,265825349
2022-03-24,94.88,103.7,93.26,102.32,474517921,474517921
2022-03-25,102.32,104.86,96.95,98.6,341404558,341404558
2022-03-26,98.6,103.4,97.63,101.73,192503281,192503281
2022-03-27,101.73,107.46,98.77,107.04,242015312,242015312
2022-03-28,107.04,113.87,105.22,105.75,454984710,454984710
2022-03-29,105.75,115.7,105.49,111.62,416037180,416037180
2022-03-30,111.62,125.26,107.11,120.82,615094936,615094936
2022-03-31,120.82,129.5,119.95,122.77,640563903,640563903
2022-04-01,122.79,138.4,117.39,134.52,704191459,704191459
2022-04-02,134.53,143.51,131.47,132.49,575683426,575683426
2022-04-03,132.48,141.11,130.52,136.9,405018764,405018764
2022-04-04,136.9,138.29,125.82,132.14,457752604,457752604
2022-04-05,132.14,136.63,126.07,126.87,374058737,374058737
2022-04-06,126.88,127.4,112.1,112.95,512273613,512273613
2022-04-07,112.94,120.0,110.88,118.48,383156868,383156868
2022-04-08,118.47,122.42,108.1,109.92,387721449,387721449
2022-04-09,109.92,113.69,108.28,112.96,152114680,152114680
2022-04-10,112.97,116.09,109.71,111.07,175614158,175614158
2022-04-11,111.06,111.94,98.1,99.67,348238454,348238454
2022-04-12,99.64,109.36,98.31,103.22,366259936,366259936
2022-04-13,103.21,106.04,100.09,104.94,228562636,228562636
2022-04-14,104.92,107.72,98.77,100.77,279743555,279743555
2022-04-15,100.77,102.91,99.55,101.31,140391145,140391145
2022-04-16,101.38,103.5,100.71,102.06,102584953,102584953
2022-04-17,102.06,105.44,99.62,100.15,155271562,155271562
2022-04-18,100.15,102.65,94.62,102.33,271730806,271730806
2022-04-19,102.37,109.0,101.02,108.51,280654686,280654686
2022-04-20,108.51,110.9,104.25,105.59,297974331,297974331
2022-04-21,105.58,110.0,99.86,101.78,284134458,284134458
2022-04-22,101.78,103.55,99.19,100.55,180380786,180380786
2022-04-23,100.55,102.9,98.31,100.63,109466876,109466876
2022-04-24,100.63,102.31,98.55,99.23,106954414,106954414
2022-04-25,99.22,101.59,94.32,100.99,226174939,226174939
2022-04-26,100.98,101.98,94.61,95.7,187010168,187010168
2022-04-27,95.7,100.79,94.89,98.36,180105223,180105223
2022-04-28,98.35,100.55,96.33,98.24,182594839,182594839
2022-04-29,98.23,98.68,92.35,93.96,166246202,166246202
2022-04-30,93.96,94.95,81.91,84.63,164168373,164168373
2022-05-01,84.63,93.12,84.15,89.68,207825708,207825708
2022-05-02,89.67,90.89,85.1,87.5,168665929,168665929
2022-05-03,87.49,88.81,84.66,85.86,135931235,135931235
2022-05-04,85.86,93.06,85.47,92.77,198783148,198783148
2022-05-05,92.77,95.25,81.32,84.52,290368666,290368666
2022-05-06,84.52,84.84,79.98,81.68,213954688,213954688
2022-05-07,81.67,82.33,77.03,78.86,153609731,153609731
2022-05-08,78.86,79.41,73.69,75.38,210452506,210452506
2022-05-09,75.39,77.21,61.7,62.16,404836586,404836586
2022-05-10,62.16,74.03,60.13,66.9,533633557,533633557
2022-05-11,66.9,68.44,43.17,50.9,655895713,655895713
2022-05-12,50.9,54.29,37.37,44.64,615675880,615675880
2022-05-13,44.64,56.99,43.83,48.92,445956256,445956256
2022-05-14,48.93,53.91,45.81,52.43,253571501,253571501
2022-05-15,52.43,59.31,49.63,58.83,208778706,208778706
2022-05-16,58.83,58.83,51.89,53.79,295070394,295070394
2022-05-17,53.8,58.22,53.04,57.02,242391527,242391527
2022-05-18,57.01,57.85,49.38,49.93,235605712,235605712
2022-05-19,49.93,54.09,48.2,52.2,246302390,246302390
2022-05-20,52.2,53.62,47.81,49.43,245429377,245429377
2022-05-21,49.42,51.21,48.43,50.31,98299753,98299753
2022-05-22,50.3,53.2,49.69,52.48,140435263,140435263
2022-05-23,52.48,54.68,48.61,49.17,219973233,219973233
2022-05-24,49.17,50.85,47.1,49.67,179621230,179621230
2022-05-25,49.67,50.55,47.57,47.98,160613552,160613552
2022-05-26,47.97,48.66,41.69,43.44,314922743,314922743
2022-05-27,43.44,43.95,39.93,41.17,315086453,315086453
2022-05-28,41.18,45.08,40.33,44.25,183339589,183339589
2022-05-29,44.24,45.67,41.79,44.98,202572097,202572097
2022-05-30,44.98,48.39,44.27,47.22,253574633,253574633
2022-05-31,47.22,48.24,44.56,45.77,207640573,207640573
2022-06-01,45.78,46.12,39.51,40.11,205803279,205803279
2022-06-02,40.11,41.65,38.13,40.85,206604815,206604815
2022-06-03,40.86,41.54,37.63,38.28,172766731,172766731
2022-06-04,38.28,39.5,35.71,39.0,139577288,139577288
2022-06-05,39.02,40.22,37.85,38.52,141881168,141881168
2022-06-06,38.53,44.87,38.33,42.39,290291015,290291015
2022-06-07,42.39,42.8,37.12,39.31,302649368,302649368
2022-06-08,39.32,40.96,38.28,38.83,156635684,156635684
2022-06-09,38.83,41.97,38.44,39.96,185342283,185342283
2022-06-10,39.96,40.9,36.8,37.17,168826417,168826417
2022-06-11,37.17,37.93,33.17,33.93,164203312,164203312
2022-06-12,33.94,34.5,30.56,30.61,222245784,222245784
2022-06-13,30.6,31.11,26.05,28.6,372532264,372532264
2022-06-14,28.59,32.32,25.86,29.59,335148563,335148563
2022-06-15,29.59,34.86,26.79,34.76,376046180,376046180
2022-06-16,34.75,36.0,29.52,30.12,335024040,335024040
2022-06-17,30.12,32.19,29.26,30.71,195306060,195306060
2022-06-18,30.72,32.06,27.15,32.02,275582397,275582397
2022-06-19,32.01,35.4,28.68,34.19,294048592,294048592
2022-06-20,34.19,36.9,31.73,35.24,281820809,281820809
2022-06-21,35.25,39.19,34.2,36.42,275003273,275003273
2022-06-22,36.42,36.87,33.65,34.12,227729988,227729988
2022-06-23,34.13,38.65,33.91,38.15,257121431,257121431
2022-06-24,38.15,42.92,37.67,41.91,263461013,263461013
2022-06-25,41.91,42.64,39.73,42.22,177460350,177460350
2022-06-26,42.22,42.49,39.14,39.39,164663443,164663443
2022-06-27,39.39,41.25,37.9,38.52,164427982,164427982
2022-06-28,38.5,39.9,35.02,35.35,209748465,209748465
2022-06-29,35.34,36.12,33.1,34.05,199587272,199587272
2022-06-30,34.06,34.2,30.92,33.76,171919474,171919474
2022-07-01,33.76,35.4,31.82,32.84,204979216,204979216
2022-07-02,32.85,34.14,31.87,33.36,90108872,90108872
2022-07-03,33.36,33.77,32.14,33.39,78904888,78904888
2022-07-04,33.4,36.94,32.45,36.71,140036013,140036013
2022-07-05,36.71,36.99,33.03,35.4,213296068,213296068
2022-07-06,35.41,37.65,34.8,37.04,190911989,190911989
2022-07-07,37.04,39.29,36.39,38.46,154787628,154787628
2022-07-08,38.46,39.72,36.46,38.12,200786736,200786736
2022-07-09,38.12,38.95,37.77,38.06,80090467,80090467
2022-07-10,38.06,38.14,36.26,36.71,80772185,80772185
2022-07-11,36.71,36.73,33.24,33.42,102666563,102666563
2022-07-12,33.42,34.61,32.6,32.68,107886665,107886665
2022-07-13,32.69,35.08,31.82,34.94,159907054,159907054
2022-07-14,34.94,37.31,33.58,37.15,183611446,183611446
2022-07-15,37.14,39.1,36.49,37.36,167467008,167467008
2022-07-16,37.36,40.41,36.35,39.58,152184601,152184601
2022-07-17,39.59,41.09,38.29,38.62,150590859,150590859
2022-07-18,38.61,44.07,38.55,43.52,261136738,261136738
2022-07-19,43.52,47.36,42.54,44.87,355431156,355431156
2022-07-20,44.87,46.3,41.24,42.04,282469604,282469604
2022-07-21,42.03,44.24,39.64,43.11,256606729,256606729
2022-07-22,43.1,44.33,40.03,40.54,190642884,190642884
2022-07-23,40.54,41.91,38.6,39.97,137541597,137541597
2022-07-24,39.97,42.1,39.47,40.93,135780064,135780064
2022-07-25,40.93,41.09,36.56,36.65,163307551,163307551
2022-07-26,36.66,36.84,34.67,36.25,160614557,160614557
2022-07-27,36.26,40.55,35.68,40.23,223453249,223453249
2022-07-28,40.23,44.15,39.03,42.91,276873228,276873228
2022-07-29,42.92,44.42,41.13,41.91,210837990,210837990
2022-07-30,41.92,46.65,41.41,43.84,237288804,237288804
2022-07-31,43.84,45.21,42.22,42.35,143781304,143781304
2022-08-01,42.34,43.26,40.57,41.65,139083404,139083404
2022-08-02,41.65,42.45,39.5,39.79,147271230,147271230
2022-08-03,39.78,40.99,37.43,38.54,328867086,328867086
2022-08-04,38.54,39.85,37.96,38.83,161519760,161519760
2022-08-05,38.83,41.33,38.71,40.55,140932183,140932183
2022-08-06,40.55,40.89,39.85,40.07,64746156,64746156
2022-08-07,40.07,41.57,39.21,40.6,70500121,70500121
2022-08-08,40.6,43.71,40.55,42.18,162376505,162376505
2022-08-09,42.17,42.76,39.73,40.33,116602997,116602997
2022-08-10,40.34,42.87,39.15,42.47,183638736,183638736
2022-08-11,42.47,45.32,42.34,42.77,255477156,255477156
2022-08-12,42.78,45.49,42.12,45.48,147076807,147076807
2022-08-13,45.49,48.38,45.27,46.6,221163601,221163601
2022-08-14,46.59,48.06,44.46,44.87,160581257,160581257
2022-08-15,44.86,47.24,42.75,43.72,184631369,184631369
2022-08-16,43.72,44.31,42.53,43.08,156167066,156167066
2022-08-17,43.08,44.75,40.18,40.54,177306555,177306555
2022-08-18,40.54,41.67,39.31,39.52,115649126,115649126
2022-08-19,39.51,39.59,35.25,35.81,229665906,229665906
2022-08-20,35.82,37.27,34.21,35.28,139348419,139348419
2022-08-21,35.28,37.09,34.51,36.47,114371070,114371070
2022-08-22,36.48,36.56,33.73,35.41,130553965,130553965
2022-08-23,35.42,36.11,34.24,35.68,96791702,96791702
2022-08-24,35.69,36.4,34.31,34.89,91505106,91505106
2022-08-25,34.9,36.49,34.87,35.27,88431667,88431667
2022-08-26,35.26,35.79,31.36,31.72,178600552,178600552
2022-08-27,31.72,32.25,30.86,31.53,95536331,95536331
2022-08-28,31.53,32.21,30.19,30.44,70747826,70747826
2022-08-29,30.43,32.64,30.0,32.42,117286548,117286548
2022-08-30,32.42,33.16,30.64,31.47,110580073,110580073
2022-08-31,31.47,32.95,31.18,31.5,87063572,87063572
2022-09-01,31.49,31.79,30.44,31.61,71765182,71765182
2022-09-02,31.61,32.38,30.76,31.23,73632569,73632569
2022-09-03,31.23,31.29,30.8,31.12,24037613,24037613
2022-09-04,31.11,32.2,31.02,32.16,41253531,41253531
2022-09-05,32.17,32.5,31.15,32.18,49170515,49170515
2022-09-06,32.17,33.9,30.44,30.88,150579456,150579456
2022-09-07,30.88,32.94,30.31,32.69,79529365,79529365
2022-09-08,32.7,33.98,31.97,33.61,100808683,100808683
2022-09-09,33.62,35.96,33.59,34.67,131064314,131064314
2022-09-10,34.68,35.41,34.27,35.03,68775341,68775341
2022-09-11,35.04,36.0,34.04,34.99,70012318,70012318
2022-09-12,34.99,38.39,34.4,37.44,191408166,191408166
2022-09-13,37.44,39.01,32.93,33.0,232055941,232055941
2022-09-14,33.0,34.35,32.67,34.12,105993547,105993547
2022-09-15,34.12,34.84,32.42,33.07,124035458,124035458
2022-09-16,33.08,33.26,31.5,32.25,70677122,70677122
2022-09-17,32.25,33.89,32.23,33.68,46775450,46775450
2022-09-18,33.69,33.99,30.86,31.1,74834816,74834816
2022-09-19,31.1,33.08,30.5,32.62,110989466,110989466
2022-09-20,32.63,32.88,31.29,31.41,82122176,82122176
2022-09-21,31.42,33.48,30.01,30.65,144523070,144523070
2022-09-22,30.65,32.87,30.59,32.43,94798520,94798520
2022-09-23,32.43,33.98,31.2,33.66,112813259,112813259
2022-09-24,33.67,34.79,33.14,33.38,105295309,105295309
2022-09-25,33.39,34.05,31.87,32.34,60952435,60952435
2022-09-26,32.33,33.95,31.87,33.88,108235930,108235930
2022-09-27,33.89,35.41,32.08,32.69,149901959,149901959
2022-09-28,32.68,33.81,31.65,33.22,101111027,101111027
2022-09-29,33.23,34.42,32.65,33.93,92013851,92013851
2022-09-30,33.94,35.22,32.62,33.25,145450985,145450985
2022-10-01,33.25,33.25,32.34,32.44,47925215,47925215
2022-10-02,32.44,33.0,31.9,32.06,47873022,47873022
2022-10-03,32.06,33.27,31.73,32.89,61796987,61796987
2022-10-04,32.9,34.4,32.84,34.09,65903648,65903648
2022-10-05,34.1,34.37,33.18,34.04,60090464,60090464
2022-10-06,34.04,34.5,33.23,33.36,61090995,61090995
2022-10-07,33.35,33.76,32.43,32.98,64927457,64927457
2022-10-08,32.98,33.08,32.35,32.58,25764335,25764335
2022-10-09,32.57,33.14,32.44,32.92,28997559,28997559
2022-10-10,32.92,33.46,31.88,31.96,50718925,50718925
2022-10-11,31.95,31.96,30.42,30.8,60351311,60351311
2022-10-12,30.8,31.55,30.67,31.16,32646321,32646321
2022-10-13,31.15,31.21,27.87,30.49,129678785,129678785
2022-10-14,30.48,31.98,29.62,30.0,73979072,73979072
2022-10-15,30.0,30.2,29.42,29.59,30157685,30157685
2022-10-16,29.59,30.53,29.56,30.17,28064981,28064981
2022-10-17,30.16,31.29,29.84,31.21,51999174,51999174
2022-10-18,31.22,31.48,29.73,30.15,60139490,60139490
2022-10-19,30.14,30.26,28.61,28.86,50923897,50923897
2022-10-20,28.86,29.47,27.98,28.01,68526396,68526396
2022-10-21,28.01,28.28,26.84,28.1,88781181,88781181
2022-10-22,28.1,28.22,27.48,28.01,37199974,37199974
2022-10-23,28.01,29.44,27.73,29.28,61344404,61344404
2022-10-24,29.28,29.5,28.16,28.3,72407568,72407568
2022-10-25,28.31,32.31,28.05,30.86,133430123,133430123
2022-10-26,30.87,32.17,30.63,31.29,122340982,122340982
2022-10-27,31.29,32.36,30.41,30.58,113361840,113361840
2022-10-28,30.6,32.54,30.11,32.07,94457060,94457060
2022-10-29,32.06,33.84,31.85,32.87,109586845,109586845
2022-10-30,32.87,33.54,31.93,32.94,64151562,64151562
2022-10-31,32.93,34.39,32.2,32.56,102302329,102302329
2022-11-01,32.57,33.39,32.15,32.2,65891304,65891304
2022-11-02,32.2,32.95,30.24,30.8,107898622,107898622
2022-11-03,30.81,32.25,30.61,30.85,72414161,72414161
2022-11-04,30.86,34.2,30.66,33.74,134935951,134935951
2022-11-05,33.73,38.79,33.66,36.9,272433712,272433712
2022-11-06,36.9,37.06,32.31,32.62,164782709,164782709
2022-11-07,32.61,33.13,28.0,29.62,308389485,308389485
2022-11-08,29.62,31.72,19.8,24.38,745105277,745105277
2022-11-09,24.38,24.38,12.37,14.08,604959490,604959490
2022-11-10,14.08,18.87,13.14,17.66,494275918,494275918
2022-11-11,17.65,18.31,15.1,16.45,283397692,283397692
2022-11-12,16.46,16.53,14.47,14.58,106603740,106603740
2022-11-13,14.58,14.74,13.02,13.18,106360669,106360669
2022-11-14,13.18,15.01,12.07,14.0,171237609,171237609
2022-11-15,14.0,15.1,13.82,14.32,110580868,110580868
2022-11-16,14.32,14.64,13.64,14.27,58349495,58349495
2022-11-17,14.27,14.5,12.93,13.65,90166530,90166530
2022-11-18,13.65,13.89,13.0,13.27,39653187,39653187
2022-11-19,13.28,13.28,12.58,12.84,37459974,37459974
2022-11-20,12.84,13.58,12.1,12.27,61291532,61291532
2022-11-21,12.26,12.29,11.27,11.83,58064656,58064656
2022-11-22,11.83,12.5,10.94,12.44,64284791,64284791
2022-11-23,12.43,14.5,12.4,14.36,105011604,105011604
2022-11-24,14.36,14.96,13.84,14.59,68013704,68013704
2022-11-25,14.6,14.61,13.91,14.03,39918747,39918747
2022-11-26,14.03,14.98,13.97,14.17,42001304,42001304
2022-11-27,14.17,14.45,14.05,14.12,29472967,29472967
2022-11-28,14.11,14.17,12.78,13.32,63044912,63044912
2022-11-29,13.33,13.96,13.14,13.34,35266841,35266841
2022-11-30,13.35,14.32,13.21,14.16,49268922,49268922
2022-12-01,14.17,14.19,13.4,13.51,35283701,35283701
2022-12-02,13.51,13.84,13.33,13.71,38880254,38880254
2022-12-03,13.71,13.77,13.2,13.29,26510419,26510419
2022-12-04,13.29,13.75,13.27,13.71,24011576,24011576
2022-12-05,13.71,14.17,13.58,13.82,55137018,55137018
2022-12-06,13.82,14.38,13.81,14.3,46177390,46177390
2022-12-07,14.3,14.34,13.39,13.49,36316567,36316567
2022-12-08,13.49,13.77,13.27,13.69,29973338,29973338
2022-12-09,13.69,14.02,13.51,13.59,35741987,35741987
2022-12-10,13.58,13.73,13.54,13.58,12943087,12943087
2022-12-11,13.58,13.8,13.39,13.42,16488172,16488172
2022-12-12,13.42,13.5,12.82,13.31,34795876,34795876
2022-12-13,13.31,14.15,12.76,13.89,53647953,53647953
2022-12-14,13.9,14.96,13.81,14.12,73011670,73011670
2022-12-15,14.12,14.52,13.86,14.04,38233174,38233174
2022-12-16,14.05,14.17,12.0,12.25,59074303,59074303
2022-12-17,12.25,12.6,11.92,12.51,30275875,30275875
2022-12-18,12.5,12.6,12.25,12.38,16889762,16889762
2022-12-19,12.38,12.59,11.66,11.94,29005256,29005256
2022-12-20,11.94,12.49,11.84,12.26,20852720,20852720
2022-12-21,12.26,12.29,11.9,12.14,18693850,18693850
2022-12-22,12.14,12.19,11.67,11.82,21542776,21542776
2022-12-23,11.81,12.11,11.72,11.78,19580748,19580748
2022-12-24,11.79,11.79,11.07,11.45,26033045,26033045
2022-12-25,11.45,11.56,11.24,11.38,10444203,10444203
2022-12-26,11.39,11.49,11.06,11.32,18177914,18177914
2022-12-27,11.33,11.44,10.71,11.09,33580524,33580524
2022-12-28,11.1,11.12,9.39,9.76,73951659,73951659
2022-12-29,9.76,10.89,8.0,9.64,110705885,110705885
2022-12-30,9.64,10.26,9.0,9.9,121032784,121032784
2022-12-31,9.91,10.2,9.66,9.97,36021998,36021998
2023-01-01,9.97,10.09,9.69,9.99,22677368,22677368
2023-01-02,9.99,12.0,9.81,11.28,84247394,84247394
2023-01-03,11.28,13.91,11.0,13.37,187865593,187865593
2023-01-04,13.37,14.24,12.83,13.43,171471280,171471280
2023-01-05,13.43,13.89,12.95,13.43,77737743,77737743
2023-01-06,13.43,13.6,12.69,13.5,71212454,71212454
2023-01-07,13.51,13.51,13.01,13.1,25243947,25243947
2023-01-08,13.1,14.89,12.85,14.45,86019750,86019750
2023-01-09,14.46,17.5,14.28,16.25,316363880,316363880
2023-01-10,16.25,16.73,15.57,16.2,137351433,137351433
2023-01-11,16.2,16.67,15.28,16.36,106146574,106146574
2023-01-12,16.37,17.0,15.54,16.59,156910911,156910911
2023-01-13,16.59,18.65,16.29,18.29,188439640,188439640
2023-01-14,18.29,24.75,18.2,24.24,582130895,582130895
2023-01-15,24.23,25.0,21.98,22.89,260922697,260922697
2023-01-16,22.9,25.0,22.3,23.58,236275598,236275598
2023-01-17,23.58,23.95,22.7,22.86,141744206,141744206
2023-01-18,22.86,23.65,20.34,20.79,249548184,249548184
2023-01-19,20.78,21.88,20.41,21.4,129469309,129469309
2023-01-20,21.4,25.82,20.93,25.51,224450465,224450465
2023-01-21,25.51,26.6,24.24,24.57,323053489,323053489
2023-01-22,24.56,25.45,23.5,24.21,161129672,161129672
2023-01-23,24.21,24.93,23.7,24.33,148819700,148819700
2023-01-24,24.32,25.24,22.25,22.78,147893897,147893897
2023-01-25,22.77,25.43,22.24,24.52,197305373,197305373
2023-01-26,24.53,25.23,23.73,24.33,133760026,133760026
2023-01-27,24.33,24.96,23.27,24.43,113487754,113487754
2023-01-28,24.43,25.24,23.7,24.0,82088985,82088985
2023-01-29,24.0,26.8,23.73,26.07,198403773,198403773
2023-01-30,26.07,26.31,23.11,23.96,184489313,184489313
2023-01-31,23.97,24.47,23.49,23.92,97470696,97470696
2023-02-01,23.93,25.22,22.48,25.0,173855967,173855967
2023-02-02,25.0,26.15,24.05,24.32,182296022,182296022
2023-02-03,24.32,25.07,24.01,24.69,116686417,116686417
2023-02-04,24.69,24.95,24.17,24.34,50018630,50018630
2023-02-05,24.34,24.46,23.02,23.47,114325096,114325096
2023-02-06,23.46,23.72,22.45,22.66,83162189,83162189
2023-02-07,22.65,23.96,22.54,23.82,113919835,113919835
2023-02-08,23.82,24.24,22.8,23.22,93320916,93320916
2023-02-09,23.21,23.35,20.0,20.48,140853126,140853126
